id,market_and_exchange_names,report_date_as_yyyy_mm_dd,yyyy_report_week_ww,contract_market_name,cftc_contract_market_code,cftc_market_code,cftc_region_code,cftc_commodity_code,commodity_name,open_interest_all,dealer_positions_long_all,dealer_positions_short_all,dealer_positions_spread_all,asset_mgr_positions_long,asset_mgr_positions_short,asset_mgr_positions_spread,lev_money_positions_long,lev_money_positions_short,lev_money_positions_spread,other_rept_positions_long,other_rept_positions_short,other_rept_positions_spread,tot_rept_positions_long_all,tot_rept_positions_short,nonrept_positions_long_all,nonrept_positions_short_all,change_in_open_interest_all,change_in_dealer_long_all,change_in_dealer_short_all,change_in_dealer_spread_all,change_in_asset_mgr_long,change_in_asset_mgr_short,change_in_asset_mgr_spread,change_in_lev_money_long,change_in_lev_money_short,change_in_lev_money_spread,change_in_other_rept_long,change_in_other_rept_short,change_in_other_rept_spread,change_in_tot_rept_long_all,change_in_tot_rept_short,change_in_nonrept_long_all,change_in_nonrept_short_all,pct_of_open_interest_all,pct_of_oi_dealer_long_all,pct_of_oi_dealer_short_all,pct_of_oi_dealer_spread_all,pct_of_oi_asset_mgr_long,pct_of_oi_asset_mgr_short,pct_of_oi_asset_mgr_spread,pct_of_oi_lev_money_long,pct_of_oi_lev_money_short,pct_of_oi_lev_money_spread,pct_of_oi_other_rept_long,pct_of_oi_other_rept_short,pct_of_oi_other_rept_spread,pct_of_oi_tot_rept_long_all,pct_of_oi_tot_rept_short,pct_of_oi_nonrept_long_all,pct_of_oi_nonrept_short_all,traders_tot_all,traders_dealer_long_all,traders_asset_mgr_short_all,traders_asset_mgr_spread,traders_lev_money_long_all,traders_lev_money_short_all,traders_other_rept_long_all,traders_other_rept_short,traders_other_rept_spread,traders_tot_rept_long_all,traders_tot_rept_short_all,conc_gross_le_4_tdr_long,conc_gross_le_4_tdr_short,conc_gross_le_8_tdr_long,conc_gross_le_8_tdr_short,conc_net_le_4_tdr_long_all,conc_net_le_4_tdr_short_all,conc_net_le_8_tdr_long_all,conc_net_le_8_tdr_short_all,contract_units,cftc_subgroup_code,commodity,commodity_subgroup_name,commodity_group_name,futonly_or_combined,traders_dealer_spread_all,traders_asset_mgr_long_all,traders_dealer_short_all,traders_lev_money_spread
250923343603F,10 YEAR ERIS SOFR SWAP - CHICAGO BOARD OF TRADE,2025-09-23T00:00:00.000,2025 Report Week 38,10 YEAR ERIS SOFR SWAP,343603,CBT ,CHI,343 ,8-14-YEAR INTEREST RATE SWAPS ERIS & MAC,168342,29026,1714,35836,68,0,0,7463,104300,16239,79693,10227,0,168325,168316,17,26,8182,-4421,0,3433,0,0,0,10,7543,-2819,11979,25,0,8182,8182,0,0,100.0,17.2,1.0,21.3,0.0,0.0,0.0,4.4,62.0,9.6,47.3,6.1,0.0,100.0,100.0,0.0,0.0,46,5,0,0,4,5,19,9,0,32,19,49.0,81.6,72.4,98.3,32.0,66.1,48.6,68.0,"(100,000 USD notional principal)",F50,10-YEAR INTEREST RATE SWAPS,INTEREST RATE SWAPS,FINANCIAL INSTRUMENTS,FutOnly,,,,
250923342603F,2 YEAR ERIS SOFR SWAP - CHICAGO BOARD OF TRADE,2025-09-23T00:00:00.000,2025 Report Week 38,2 YEAR ERIS SOFR SWAP,342603,CBT ,CHI,342 ,1-2-YEAR INTEREST RATE SWAPS ERIS & MAC,76206,350,6050,0,0,5529,0,19160,14224,32690,23976,17679,30,76206,76202,0,4,1403,-1150,0,0,0,137,0,3004,397,-501,50,1370,0,1403,1403,0,0,100.0,0.5,7.9,0.0,0.0,7.3,0.0,25.1,18.7,42.9,31.5,23.2,0.0,100.0,100.0,0.0,0.0,38,,4,0,4,9,6,11,,12,30,95.9,54.3,99.3,74.7,53.0,22.1,56.5,39.5,"(100,000 USD notional principal)",F50,1-2-YEAR INTEREST RATE SWAPS,INTEREST RATE SWAPS,FINANCIAL INSTRUMENTS,FutOnly,0,0,,
250923344605F,5 YEAR ERIS SOFR SWAP - CHICAGO BOARD OF TRADE,2025-09-23T00:00:00.000,2025 Report Week 38,5 YEAR ERIS SOFR SWAP,344605,CBT ,CHI,344 ,2-7-YEAR INTEREST RATE SWAPS ERIS & MAC,113230,9807,6715,4219,0,18680,0,12760,36284,21080,65354,26184,0,113220,113162,10,68,2089,120,-370,370,0,1053,0,-7551,2218,-300,9450,-882,0,2089,2089,0,0,100.0,8.7,5.9,3.7,0.0,16.5,0.0,11.3,32.0,18.6,57.7,23.1,0.0,100.0,99.9,0.0,0.1,55,5,4,0,5,10,15,13,0,28,32,58.7,58.8,80.2,76.7,48.9,44.7,63.9,59.5,"(100,000 USD notional principal)",F50,2-7-YEAR INTEREST RATE SWAPS,INTEREST RATE SWAPS,FINANCIAL INSTRUMENTS,FutOnly,,0,,
25092313874WF,ADJUSTED INT RATE S&P 500 TOTL - CHICAGO MERCANTILE EXCHANGE,2025-09-23T00:00:00.000,2025 Report Week 38,ADJUSTED INT RATE S&P 500 TOTL,13874W,CME ,CHI,138 ,S&P BROAD BASED STOCK INDICES,903045,203414,183996,294108,1634,91232,7255,158195,82838,232003,0,0,0,896609,891432,6436,11613,-105472,-35303,-6511,-51678,0,6301,0,38632,4831,-59494,0,0,0,-107843,-106551,2371,1079,100.0,22.5,20.4,32.6,0.2,10.1,0.8,17.5,9.2,25.7,0.0,0.0,0.0,99.3,98.7,0.7,1.3,68,14,5,,16,9,0,0,0,60,66,37.9,24.6,54.4,41.0,23.7,18.0,33.4,28.8,(S&P 500 TOTAL RETURN INDEX x $25),F20,S&P BROAD BASED STOCK INDICES,STOCK INDICES,FINANCIAL INSTRUMENTS,FutOnly,28,,16,28
250923232741F,AUSTRALIAN DOLLAR - CHICAGO MERCANTILE EXCHANGE,2025-09-23T00:00:00.000,2025 Report Week 38,AUSTRALIAN DOLLAR,232741,CME ,CHI,232 ,AUSTRALIAN DOLLAR,160854,48137,7902,143,42108,90907,2301,35376,40922,888,4194,760,0,133147,143823,27707,17031,6064,8861,-1583,-148,-915,7442,738,528,2993,-1106,311,100,0,8269,8436,-2205,-2372,100.0,29.9,4.9,0.1,26.2,56.5,1.4,22.0,25.4,0.6,2.6,0.5,0.0,82.8,89.4,17.2,10.6,106,14,13,10,30,22,6,,0,78,51,33.7,50.5,42.5,63.9,33.7,50.3,42.3,63.5,"(CONTRACTS OF AUD 100,000)",F10,AUSTRALIAN DOLLAR,CURRENCY,FINANCIAL INSTRUMENTS,FutOnly,,16,,11
250923171LM1F,"AVALANCHE - COINBASE DERIVATIVES, LLC",2025-09-23T00:00:00.000,2025 Report Week 38,AVALANCHE,171LM1,FREX,CHI,180 ,OTHER CRYPTO/DIGITAL ASSET (NON-MAJOR),5409,0,0,0,0,0,0,934,4267,0,3832,939,0,4766,5206,643,203,-511,0,0,0,0,0,0,-104,320,0,-353,-838,0,-457,-518,-54,7,100.0,0.0,0.0,0.0,0.0,0.0,0.0,17.3,78.9,0.0,70.8,17.4,0.0,88.1,96.2,11.9,3.8,64,0,0,0,,,46,14,0,47,17,28.4,83.6,42.2,89.4,28.4,83.6,42.2,89.4,(10 Avalanche x $30 = $300),F84,,,,FutOnly,0,0,0,0
250923221602F,BBG COMMODITY - CHICAGO BOARD OF TRADE,2025-09-23T00:00:00.000,2025 Report Week 38,BBG COMMODITY,221602,CBT ,CHI,221 ,BLOOMBERG COMMODITY INDEX,201664,156323,182631,0,38454,2286,4145,1182,12501,0,1111,0,0,201215,201563,449,101,-20939,-286,9077,-14769,1760,0,0,165,-7162,-1,228,0,0,-12903,-12855,-8036,-8084,100.0,77.5,90.6,0.0,19.1,1.1,2.1,0.6,6.2,0.0,0.6,0.0,0.0,99.8,99.9,0.2,0.0,60,7,,,7,7,10,0,0,46,15,85.3,90.5,91.5,97.6,85.2,90.5,90.3,95.8,($100 X INDEX),F90,BLOOMBERG COMMODITY INDEX,OTHER FINANCIAL INSTRUMENTS,FINANCIAL INSTRUMENTS,FutOnly,0,21,5,0
250923133741F,BITCOIN - CHICAGO MERCANTILE EXCHANGE,2025-09-23T00:00:00.000,2025 Report Week 38,BITCOIN,133741,CME ,CHI,133 ,BITCOIN,27809,9454,2630,319,8612,727,248,3623,18016,1408,2459,3021,441,26564,26810,1245,999,-1035,-522,304,114,-426,-44,89,665,-1311,-313,-508,73,-56,-957,-1144,-78,109,100.0,34.0,9.5,1.1,31.0,2.6,0.9,13.0,64.8,5.1,8.8,10.9,1.6,95.5,96.4,4.5,3.6,133,10,6,4,25,51,11,11,,80,89,63.3,26.8,70.7,44.3,62.8,24.0,69.7,41.0,(5 Bitcoins),F85,BITCOIN,CRYPTOCURRENCIES,FINANCIAL INSTRUMENTS,FutOnly,4,10,6,26
250923102741F,BRAZILIAN REAL - CHICAGO MERCANTILE EXCHANGE,2025-09-23T00:00:00.000,2025 Report Week 38,BRAZILIAN REAL,102741,CME ,CHI,102 ,BRAZILIAN REAL,134318,8965,64418,9172,69662,1334,238,28744,11610,9931,3050,36256,464,130226,133423,4092,895,14104,3578,207,8149,-4175,492,0,179,-124,6098,202,-1124,464,14495,14162,-391,-58,100.0,6.7,48.0,6.8,51.9,1.0,0.2,21.4,8.6,7.4,2.3,27.0,0.3,97.0,99.3,3.0,0.7,106,5,5,,42,6,13,8,,85,29,38.5,77.3,59.0,93.3,36.6,75.4,51.3,81.1,"(CONTRACTS OF BRL 100,000)",F15,BRAZILIAN REAL,CURRENCY(NON-MAJOR),FINANCIAL INSTRUMENTS,FutOnly,,20,5,
250923096742F,BRITISH POUND - CHICAGO MERCANTILE EXCHANGE,2025-09-23T00:00:00.000,2025 Report Week 38,BRITISH POUND,096742,CME ,CHI,096 ,POUND STERLING,233166,78072,68281,15,48731,93640,5464,61382,33720,2997,3715,1427,15,200391,205559,32775,27607,-1365,-227,775,1,-349,1562,1235,1102,-4947,-1053,2395,-980,15,3119,-3392,-4484,2027,100.0,33.5,29.3,0.0,20.9,40.2,2.3,26.3,14.5,1.3,1.6,0.6,0.0,85.9,88.2,14.1,11.8,106,5,27,10,29,18,4,,,62,64,48.9,46.4,62.9,58.5,48.8,46.4,62.8,57.9,"(CONTRACTS OF GBP 62,500)",F10,POUND STERLING,CURRENCY,FINANCIAL INSTRUMENTS,FutOnly,,13,8,8
250923090741F,CANADIAN DOLLAR - CHICAGO MERCANTILE EXCHANGE,2025-09-23T00:00:00.000,2025 Report Week 38,CANADIAN DOLLAR,090741,CME ,CHI,090 ,CANADIAN DOLLAR,212186,118769,6552,154,36624,97899,5671,17289,66045,2631,9139,1950,5,190282,180907,21904,31279,-54661,1400,-3538,-54232,-19,3106,-632,511,1023,-1366,384,-686,0,-53954,-56325,-707,1664,100.0,56.0,3.1,0.1,17.3,46.1,2.7,8.1,31.1,1.2,4.3,0.9,0.0,89.7,85.3,10.3,14.7,118,9,22,10,21,28,10,4,,71,71,56.6,34.4,65.0,49.0,56.5,34.4,64.2,49.0,"(CONTRACTS OF CAD 100,000)",F10,CANADIAN DOLLAR,CURRENCY,FINANCIAL INSTRUMENTS,FutOnly,,19,5,10
250923174LM1F,"CARDONA - COINBASE DERIVATIVES, LLC",2025-09-23T00:00:00.000,2025 Report Week 38,CARDONA,174LM1,FREX,CHI,180 ,OTHER CRYPTO/DIGITAL ASSET (NON-MAJOR),5292,0,0,0,0,0,0,0,5077,0,4514,134,0,4514,5211,778,81,455,0,0,0,0,0,0,0,716,0,539,-240,0,539,476,-84,-21,100.0,0.0,0.0,0.0,0.0,0.0,0.0,0.0,95.9,0.0,85.3,2.5,0.0,85.3,98.5,14.7,1.5,57,0,0,0,0,,52,,0,52,5,15.1,97.9,28.8,98.5,15.1,97.9,28.8,98.5,"(1,000 Cardano)",F84,,,,FutOnly,0,0,0,0
250923170LM1F,"CHAINLINK - COINBASE DERIVATIVES, LLC",2025-09-23T00:00:00.000,2025 Report Week 38,CHAINLINK,170LM1,FREX,CHI,180 ,OTHER CRYPTO/DIGITAL ASSET (NON-MAJOR),3852,0,0,0,0,0,0,285,3718,0,2604,75,0,2889,3793,963,59,-441,0,0,0,0,0,0,-31,-349,0,-262,-43,0,-293,-392,-148,-49,100.0,0.0,0.0,0.0,0.0,0.0,0.0,7.4,96.5,0.0,67.6,1.9,0.0,75.0,98.5,25.0,1.5,45,0,0,0,,,40,,0,41,4,17.1,98.5,29.5,98.5,17.1,98.5,29.5,98.5,(50 Chainlink x $15 = $750),F84,,,,FutOnly,0,0,0,0
25092312460+F,DJIA Consolidated - CHICAGO BOARD OF TRADE,2025-09-23T00:00:00.000,2025 Report Week 38,DJIA Consolidated,12460+,CBT ,CHI,124 ,DOW JONES BROAD BASED INDICES,78112,26839,25562,468,16982,10816,935,14233,20567,7371,0,925,0,66828,66644,11284,11468,-22779,-11064,-1734,-7498,1381,-192,-292,7706,-1715,-10001,-39,-150,-346,-20153,-21928,-2626,-851,100.0,34.4,32.7,0.6,21.7,13.8,1.2,18.2,26.3,9.4,0.0,1.2,0.0,85.6,85.3,14.4,14.7,70,11,7,,13,16,0,,0,44,42,51.5,42.3,63.4,59.7,42.6,39.2,54.3,53.3,($5 X DJIA INDEX),F20,DOW JONES BROAD BASED INDICES,STOCK INDICES,FINANCIAL INSTRUMENTS,FutOnly,,14,7,10
250923124603F,DJIA x $5 - CHICAGO BOARD OF TRADE,2025-09-23T00:00:00.000,2025 Report Week 38,DJIA x $5,124603,CBT ,CHI,124 ,DOW JONES BROAD BASED INDICES,78112,26839,25562,468,16982,10816,935,14233,20567,7371,0,925,0,66828,66644,11284,11468,-20238,-11602,-2176,-6404,1381,-192,-292,7637,-1215,-9336,-39,-150,-346,-19001,-20111,-1237,-127,100.0,34.4,32.7,0.6,21.7,13.8,1.2,18.2,26.3,9.4,0.0,1.2,0.0,85.6,85.3,14.4,14.7,70,11,7,,13,16,0,,0,44,42,51.5,42.3,63.4,59.7,42.6,39.2,54.3,53.3,($5 X DJIA INDEX),F20,DOW JONES BROAD BASED INDICES,STOCK INDICES,FINANCIAL INSTRUMENTS,FutOnly,,14,7,10
250923168DC1F,"DOGECOIN - COINBASE DERIVATIVES, LLC",2025-09-23T00:00:00.000,2025 Report Week 38,DOGECOIN,168DC1,FREX,CHI,180 ,OTHER CRYPTO/DIGITAL ASSET (NON-MAJOR),3148,0,0,0,0,0,0,389,2811,0,1654,286,0,2043,3097,1105,51,-200,0,0,0,0,0,0,36,135,-10,-154,-211,0,-128,-86,-72,-114,100.0,0.0,0.0,0.0,0.0,0.0,0.0,12.4,89.3,0.0,52.5,9.1,0.0,64.9,98.4,35.1,1.6,39,0,0,0,,4,29,4,0,31,8,20.4,89.6,30.9,98.4,20.4,89.6,30.9,98.4,"(5,000 Dogecoin X $0.12 = Contract $600)",F84,,,,FutOnly,0,0,0,0
250923124606F,DOW JONES U.S. REAL ESTATE IDX - CHICAGO BOARD OF TRADE,2025-09-23T00:00:00.000,2025 Report Week 38,DOW JONES U.S. REAL ESTATE IDX,124606,CBT ,CHI,124 ,DOW JONES BROAD BASED INDICES,57042,15292,37304,0,32779,9115,2836,3401,6854,0,0,0,0,54308,56109,2734,933,-24127,-4745,-6086,-17668,732,354,-272,-1850,-503,-53,0,0,0,-23856,-24228,-271,101,100.0,26.8,65.4,0.0,57.5,16.0,5.0,6.0,12.0,0.0,0.0,0.0,0.0,95.2,98.4,4.8,1.6,49,6,4,,,4,0,0,0,35,17,38.5,68.0,61.0,87.4,38.5,66.5,59.7,85.1,($100 X DJ US REAL ESTATE INDEX),F20,DOW JONES BROAD BASED INDICES,STOCK INDICES,FINANCIAL INSTRUMENTS,FutOnly,0,24,8,0
250923239744F,EMINI RUSSELL 1000 VALUE INDEX - CHICAGO MERCANTILE EXCHANGE,2025-09-23T00:00:00.000,2025 Report Week 38,EMINI RUSSELL 1000 VALUE INDEX,239744,CME ,CHI,239 ,RUSSELL INDEX,29017,18752,9596,0,8481,18639,0,213,0,0,0,0,0,27446,28235,1571,782,-5363,-73,-2371,-4501,-513,2371,0,-12,-864,0,0,0,0,-5099,-5365,-264,2,100.0,64.6,33.1,0.0,29.2,64.2,0.0,0.7,0.0,0.0,0.0,0.0,0.0,94.6,97.3,5.4,2.7,20,,5,0,,0,0,0,0,11,9,77.3,90.0,91.0,96.6,77.3,90.0,91.0,96.6,(RUSSELL 1000 VALUE INDEX x $50),F20,RUSSELL INDEX,STOCK INDICES,FINANCIAL INSTRUMENTS,FutOnly,0,7,4,0
25092333874AF,E-MINI S&P 400 STOCK INDEX - CHICAGO MERCANTILE EXCHANGE,2025-09-23T00:00:00.000,2025 Report Week 38,E-MINI S&P 400 STOCK INDEX,33874A,CME ,CHI,138 ,S&P BROAD BASED STOCK INDICES,41516,6612,15667,50,20864,15294,1504,3610,4327,85,0,0,0,32725,36927,8791,4589,-6365,2276,1627,-6763,-1046,202,-77,-412,-602,-61,0,0,0,-6083,-5674,-282,-691,100.0,15.9,37.7,0.1,50.3,36.8,3.6,8.7,10.4,0.2,0.0,0.0,0.0,78.8,88.9,21.2,11.1,73,9,16,11,4,7,0,0,0,50,36,21.9,39.3,34.7,56.1,21.7,39.1,34.6,55.8,(S&P 400 INDEX X $100),F20,S&P BROAD BASED STOCK INDICES,STOCK INDICES,FINANCIAL INSTRUMENTS,FutOnly,,30,7,
25092313874AF,E-MINI S&P 500 - CHICAGO MERCANTILE EXCHANGE,2025-09-23T00:00:00.000,2025 Report Week 38,E-MINI S&P 500,13874A,CME ,CHI,138 ,S&P BROAD BASED STOCK INDICES,1950977,159658,750068,16856,1153356,239804,97347,113510,564515,39111,118762,74811,650,1699250,1783162,251727,167815,-484922,4929,24729,-205515,-6855,-24107,-28286,-7470,-31451,-200220,-2762,11528,-1271,-447450,-454593,-37472,-30329,100.0,8.2,38.4,0.9,59.1,12.3,5.0,5.8,28.9,2.0,6.1,3.8,0.0,87.1,91.4,12.9,8.6,454,23,51,88,66,75,18,15,,338,272,10.8,23.0,18.5,32.5,10.5,22.5,17.8,32.0,($50 X S&P 500 INDEX),F20,S&P BROAD BASED STOCK INDICES,STOCK INDICES,FINANCIAL INSTRUMENTS,FutOnly,14,167,38,52
25092313874PF,E-MINI S&P COMMUNICATION INDEX - CHICAGO MERCANTILE EXCHANGE,2025-09-23T00:00:00.000,2025 Report Week 38,E-MINI S&P COMMUNICATION INDEX,13874P,CME ,CHI,138 ,S&P BROAD BASED STOCK INDICES,20685,202,19529,0,18182,0,0,612,841,0,0,0,0,18996,20370,1689,315,-8697,-1824,-1012,-3215,829,0,0,-50,143,0,0,0,0,-4260,-4084,-4437,-4613,100.0,1.0,94.4,0.0,87.9,0.0,0.0,3.0,4.1,0.0,0.0,0.0,0.0,91.8,98.5,8.2,1.5,20,,0,0,,,0,0,0,12,8,67.4,82.5,86.2,98.5,67.4,82.5,86.2,98.5,($250 x S&P Select Sector Communication Index),F20,S&P BROAD BASED STOCK INDICES,STOCK INDICES,FINANCIAL INSTRUMENTS,FutOnly,0,9,7,0
250923138749F,E-MINI S&P ENERGY INDEX - CHICAGO MERCANTILE EXCHANGE,2025-09-23T00:00:00.000,2025 Report Week 38,E-MINI S&P ENERGY INDEX,138749,CME ,CHI,138 ,S&P BROAD BASED STOCK INDICES,19351,9926,6126,0,6246,6282,104,807,1009,0,0,0,0,17083,13521,2268,5830,-9808,-1684,-5007,-7496,-295,641,0,0,-2134,0,0,0,0,-9475,-13996,-333,4188,100.0,51.3,31.7,0.0,32.3,32.5,0.5,4.2,5.2,0.0,0.0,0.0,0.0,88.3,69.9,11.7,30.1,24,7,,,,,0,0,0,14,11,57.5,55.2,75.6,67.0,57.5,55.2,75.6,67.0,($100 x S&P Select Sector Energy Index price),F20,S&P BROAD BASED STOCK INDICES,STOCK INDICES,FINANCIAL INSTRUMENTS,FutOnly,0,6,5,0
25092313874CF,E-MINI S&P FINANCIAL INDEX - CHICAGO MERCANTILE EXCHANGE,2025-09-23T00:00:00.000,2025 Report Week 38,E-MINI S&P FINANCIAL INDEX,13874C,CME ,CHI,138 ,S&P BROAD BASED STOCK INDICES,66281,50627,58614,0,12996,880,181,0,5652,0,0,0,0,63804,65327,2477,954,-4207,-12,-54,-3059,222,0,0,0,5,-833,0,0,0,-3682,-3941,-525,-266,100.0,76.4,88.4,0.0,19.6,1.3,0.3,0.0,8.5,0.0,0.0,0.0,0.0,96.3,98.6,3.7,1.4,35,9,,,0,4,0,0,0,19,17,68.1,62.6,88.4,88.3,68.1,62.6,88.4,88.3,($250 x S&P Select Sector Financial Index price),F20,S&P BROAD BASED STOCK INDICES,STOCK INDICES,FINANCIAL INSTRUMENTS,FutOnly,0,10,11,0
25092313874FF,E-MINI S&P INDUSTRIAL INDEX - CHICAGO MERCANTILE EXCHANGE,2025-09-23T00:00:00.000,2025 Report Week 38,E-MINI S&P INDUSTRIAL INDEX,13874F,CME ,CHI,138 ,S&P BROAD BASED STOCK INDICES,10837,1844,7207,0,7104,1644,0,0,1386,0,0,0,0,8948,10237,1889,600,-5106,515,1596,-4554,435,263,-296,0,-805,-7,0,0,0,-3907,-3803,-1199,-1303,100.0,17.0,66.5,0.0,65.6,15.2,0.0,0.0,12.8,0.0,0.0,0.0,0.0,82.6,94.5,17.4,5.5,21,,,0,0,4,0,0,0,9,12,61.9,67.1,80.4,84.8,61.9,67.1,80.4,84.8,($100 x S&P Select Sector Industrial Index price),F20,S&P BROAD BASED STOCK INDICES,STOCK INDICES,FINANCIAL INSTRUMENTS,FutOnly,0,6,5,0
25092313874IF,E-MINI S&P TECHNOLOGY INDEX - CHICAGO MERCANTILE EXCHANGE,2025-09-23T00:00:00.000,2025 Report Week 38,E-MINI S&P TECHNOLOGY INDEX,13874I,CME ,CHI,138 ,S&P BROAD BASED STOCK INDICES,19498,1953,17995,0,14122,560,0,485,607,0,0,0,0,16560,19162,2938,336,-2689,219,257,-1958,178,-24,0,-349,-488,0,0,0,0,-1910,-2213,-779,-476,100.0,10.0,92.3,0.0,72.4,2.9,0.0,2.5,3.1,0.0,0.0,0.0,0.0,84.9,98.3,15.1,1.7,27,4,,0,,,0,0,0,16,11,49.7,80.5,69.4,93.9,49.7,80.5,69.4,93.9,($100 x S&P Select Sector Technology Index price),F20,S&P BROAD BASED STOCK INDICES,STOCK INDICES,FINANCIAL INSTRUMENTS,FutOnly,0,11,8,0
25092313874JF,E-MINI S&P UTILITIES INDEX - CHICAGO MERCANTILE EXCHANGE,2025-09-23T00:00:00.000,2025 Report Week 38,E-MINI S&P UTILITIES INDEX,13874J,CME ,CHI,138 ,S&P BROAD BASED STOCK INDICES,31718,5669,16419,0,18658,13468,0,2558,1003,0,0,0,0,26885,30890,4833,828,-10021,-2658,-3131,-7548,-334,2485,0,-151,-652,-723,0,0,0,-11414,-9569,1393,-452,100.0,17.9,51.8,0.0,58.8,42.5,0.0,8.1,3.2,0.0,0.0,0.0,0.0,84.8,97.4,15.2,2.6,35,4,4,0,5,,0,0,0,21,14,54.6,73.6,67.2,91.9,54.6,73.6,67.2,91.9,($100 x S&P Select Sector Utilities Index price),F20,S&P BROAD BASED STOCK INDICES,STOCK INDICES,FINANCIAL INSTRUMENTS,FutOnly,0,12,8,0
250923146021F,ETHER CASH SETTLED - CHICAGO MERCANTILE EXCHANGE,2025-09-23T00:00:00.000,2025 Report Week 38,ETHER CASH SETTLED,146021,CME ,CHI,146 ,ETHEREUM (ETHER),42940,25340,12053,1201,4908,438,757,3693,19738,5154,591,2644,0,41644,41985,1296,955,4731,-73,207,907,-196,46,102,227,97,3798,-33,-573,0,4732,4584,-1,147,100.0,59.0,28.1,2.8,11.4,1.0,1.8,8.6,46.0,12.0,1.4,6.2,0.0,97.0,97.8,3.0,2.2,96,6,5,,27,34,5,4,0,57,61,77.3,41.6,84.2,61.2,70.6,38.2,73.0,55.9,(50 Index Points),F85,ETHER,CRYPTOCURRENCIES,FINANCIAL INSTRUMENTS,FutOnly,,8,7,16
250923299741F,EURO FX/BRITISH POUND XRATE - CHICAGO MERCANTILE EXCHANGE,2025-09-23T00:00:00.000,2025 Report Week 38,EURO FX/BRITISH POUND XRATE,299741,CME ,CHI,099 ,EUROPEAN CURRENCY UNIT,38359,0,26545,0,18010,0,1378,3812,6506,0,0,0,0,23200,34429,15159,3930,332,0,-2,0,-1683,0,417,489,-401,0,0,0,0,-777,14,1109,318,100.0,0.0,69.2,0.0,47.0,0.0,3.6,9.9,17.0,0.0,0.0,0.0,0.0,60.5,89.8,39.5,10.2,24,0,0,5,,4,0,0,0,19,10,24.9,85.1,39.7,89.5,23.8,85.0,37.8,86.2,"(CONTRACTS OF EUR 125,000)",F10,EUROPEAN CURRENCY UNIT,CURRENCY,FINANCIAL INSTRUMENTS,FutOnly,0,16,,0
250923099741F,EURO FX - CHICAGO MERCANTILE EXCHANGE,2025-09-23T00:00:00.000,2025 Report Week 38,EURO FX,099741,CME ,CHI,099 ,EUROPEAN CURRENCY UNIT,859215,71331,540385,1359,516898,122280,29477,106658,86855,11877,22782,19581,3762,764144,815576,95071,43639,3767,-1587,2303,88,4900,-19,-548,-1381,5053,-1092,2936,-658,0,3316,5127,451,-1360,100.0,8.3,62.9,0.2,60.2,14.2,3.4,12.4,10.1,1.4,2.7,2.3,0.4,88.9,94.9,11.1,5.1,308,17,27,42,51,39,23,17,4,233,145,17.1,57.9,27.2,71.0,16.5,57.9,26.2,70.9,"(CONTRACTS OF EUR 125,000)",F10,EUROPEAN CURRENCY UNIT,CURRENCY,FINANCIAL INSTRUMENTS,FutOnly,5,123,11,19
250923399741F,EURO FX/JAPANESE YEN XRATE - CHICAGO MERCANTILE EXCHANGE,2025-09-23T00:00:00.000,2025 Report Week 38,EURO FX/JAPANESE YEN XRATE,399741,CME ,CHI,099 ,EUROPEAN CURRENCY UNIT,16836,2059,534,0,4728,11021,230,1595,0,0,0,0,0,8612,11785,8224,5051,-390,305,0,-551,90,-198,33,622,0,0,0,0,0,499,-716,-889,326,100.0,12.2,3.2,0.0,28.1,65.5,1.4,9.5,0.0,0.0,0.0,0.0,0.0,51.2,70.0,48.8,30.0,20,,9,5,,0,0,0,0,14,11,26.6,45.4,44.8,63.4,26.6,44.7,44.8,62.1,"(CONTRACTS OF EUR 125,000)",F10,EUROPEAN CURRENCY UNIT,CURRENCY,FINANCIAL INSTRUMENTS,FutOnly,0,6,,0
250923047745F,EURO SHORT TERM RATE - CHICAGO MERCANTILE EXCHANGE,2025-09-23T00:00:00.000,2025 Report Week 38,EURO SHORT TERM RATE,047745,CME ,CHI,047 ,OVERNIGHT RATES,52603,10372,44532,1322,218,0,0,34962,1046,5655,50,0,0,52579,52555,24,48,13773,-10076,14863,-1087,-986,0,0,25940,-38,29,25,0,0,13845,13767,-72,6,100.0,19.7,84.7,2.5,0.4,0.0,0.0,66.5,2.0,10.8,0.1,0.0,0.0,100.0,99.9,0.0,0.1,39,12,0,0,13,,,0,0,34,26,72.2,73.0,84.7,88.0,65.9,71.6,77.7,83.8,"(2,500 X CONTRACT GRADE IMM INDEX)",F33,,,,FutOnly,11,,11,10
250923045601F,FED FUNDS - CHICAGO BOARD OF TRADE,2025-09-23T00:00:00.000,2025 Report Week 38,FED FUNDS,045601,CBT ,CHI,045 ,30 DAY RATES,3033133,359780,439868,689323,93937,43599,41878,819437,767850,921165,12479,42850,53118,2991117,2999651,42016,33482,506771,62546,113228,75219,236,-348,11790,189426,165227,169729,-741,-30548,4477,512682,508774,-5911,-2003,100.0,11.9,14.5,22.7,3.1,1.4,1.4,27.0,25.3,30.4,0.4,1.4,1.8,98.6,98.9,1.4,1.1,174,29,5,5,34,49,6,9,4,151,150,31.2,21.7,45.9,35.4,20.9,12.5,28.3,21.0,"(CONTRACTS OF $5,000,000)",F33,30 DAY RATES,Interest Rates - non U.S. Treasury,FINANCIAL INSTRUMENTS,FutOnly,50,7,31,68
250923180LM1F,"HEDERA - COINBASE DERIVATIVES, LLC",2025-09-23T00:00:00.000,2025 Report Week 38,HEDERA,180LM1,FREX,CHI,180 ,OTHER CRYPTO/DIGITAL ASSET (NON-MAJOR),1254,0,0,0,0,0,0,63,1250,0,681,0,0,744,1250,510,4,-14,0,0,0,0,0,0,0,-16,0,-10,0,0,-10,-16,-4,2,100.0,0.0,0.0,0.0,0.0,0.0,0.0,5.0,99.7,0.0,54.3,0.0,0.0,59.3,99.7,40.7,0.3,21,0,0,0,,,18,0,0,19,2,17.0,99.7,32.9,99.7,17.0,99.7,32.9,99.7,(5000 Hedera),F84,,,,FutOnly,0,0,0,0
250923097741F,JAPANESE YEN - CHICAGO MERCANTILE EXCHANGE,2025-09-23T00:00:00.000,2025 Report Week 38,JAPANESE YEN,097741,CME ,CHI,097 ,JAPANESE YEN,309893,6833,136088,47,110298,32464,4562,42138,95108,1403,101979,1327,4012,271272,275011,38621,34882,10273,-2000,5125,0,8173,439,57,2496,4676,-8,3202,-1557,255,12175,8987,-1902,1286,100.0,2.2,43.9,0.0,35.6,10.5,1.5,13.6,30.7,0.5,32.9,0.4,1.3,87.5,88.7,12.5,11.3,149,7,19,14,28,33,12,,,92,82,46.9,46.4,57.0,64.7,46.9,46.4,57.0,64.6,"(CONTRACTS OF JPY 12,500,000)",F10,JAPANESE YEN,CURRENCY,FINANCIAL INSTRUMENTS,FutOnly,,33,13,7
250923167LM0F,"LITECOIN CASH - COINBASE DERIVATIVES, LLC",2025-09-23T00:00:00.000,2025 Report Week 38,LITECOIN CASH,167LM0,FREX,CHI,180 ,OTHER CRYPTO/DIGITAL ASSET (NON-MAJOR),2446,0,0,0,0,0,0,738,1364,0,1372,1062,0,2110,2426,336,20,-473,0,0,0,0,0,0,-78,-86,0,-355,-373,0,-433,-459,-40,-14,100.0,0.0,0.0,0.0,0.0,0.0,0.0,30.2,55.8,0.0,56.1,43.4,0.0,86.3,99.2,13.7,0.8,27,0,0,0,,,16,6,0,18,9,48.4,71.7,65.4,96.3,48.4,71.7,65.4,96.3,(5 Litecoin X $85 = $425),F84,,,,FutOnly,0,0,0,0
250923095741F,MEXICAN PESO - CHICAGO MERCANTILE EXCHANGE,2025-09-23T00:00:00.000,2025 Report Week 38,MEXICAN PESO,095741,CME ,CHI,095 ,MEXICAN PESO,176007,7514,95876,1291,73132,27134,6109,72409,36917,277,7518,5552,0,168250,173156,7757,2851,-6111,-718,4682,335,5131,-629,-174,-10199,-9865,-200,-490,-306,0,-6315,-6157,204,46,100.0,4.3,54.5,0.7,41.6,15.4,3.5,41.1,21.0,0.2,4.3,3.2,0.0,95.6,98.4,4.4,1.6,183,6,11,,71,22,20,9,0,135,60,23.8,59.9,38.1,73.6,23.8,59.6,37.6,71.6,"(CONTRACTS OF MXN 500,000)",F15,MEXICAN PESO,CURRENCY(NON-MAJOR),FINANCIAL INSTRUMENTS,FutOnly,,33,11,7
25092304360YF,MICRO 10 YEAR YIELD - CHICAGO BOARD OF TRADE,2025-09-23T00:00:00.000,2025 Report Week 38,MICRO 10 YEAR YIELD,04360Y,CBT ,CHI,043 ,"T-NOTES, 6.5-10 YEAR",2984,0,0,0,0,0,0,1992,953,63,280,825,0,2335,1841,649,1143,-206,0,0,0,0,-25,0,52,-551,19,-145,169,0,-74,-388,-132,182,100.0,0.0,0.0,0.0,0.0,0.0,0.0,66.8,31.9,2.1,9.4,27.6,0.0,78.3,61.7,21.7,38.3,21,0,0,0,5,,,12,0,8,15,68.7,46.0,78.3,54.5,68.7,43.9,76.1,52.5,(1000 x Index Points),F30,"T-NOTES, 6.5-10 YEAR",Interest Rates - U.S. Treasury,FINANCIAL INSTRUMENTS,FutOnly,0,0,0,
250923133742F,MICRO BITCOIN - CHICAGO MERCANTILE EXCHANGE,2025-09-23T00:00:00.000,2025 Report Week 38,MICRO BITCOIN,133742,CME ,CHI,180 ,OTHER CRYPTO/DIGITAL ASSET (NON-MAJOR),31672,1802,2731,210,3489,678,2382,7620,18602,1773,6771,3013,71,24118,29460,7554,2212,3852,-1532,-721,195,1253,-76,2372,224,1183,226,399,595,3,3140,3777,712,75,100.0,5.7,8.6,0.7,11.0,2.1,7.5,24.1,58.7,5.6,21.4,9.5,0.2,76.1,93.0,23.9,7.0,223,6,4,,31,23,112,36,4,168,75,30.8,53.3,38.4,70.1,23.3,50.1,29.3,60.1,(Bitcoin X $0.10),F84,BITCOIN,CRYPTOCURRENCIES,FINANCIAL INSTRUMENTS,FutOnly,,8,,12
250923209747F,MICRO E-MINI NASDAQ-100 INDEX - CHICAGO MERCANTILE EXCHANGE,2025-09-23T00:00:00.000,2025 Report Week 38,MICRO E-MINI NASDAQ-100 INDEX,209747,CME ,CHI,209 ,NASDAQ  BROADBASED INDICES,64670,9262,8818,0,3151,804,62,12386,11002,1809,450,2816,0,27120,25311,37550,39359,-80034,-39946,-12101,-278,118,-225,-48,-39321,-45756,-6500,-127,-657,-325,-86427,-65890,6393,-14144,100.0,14.3,13.6,0.0,4.9,1.2,0.1,19.2,17.0,2.8,0.7,4.4,0.0,41.9,39.1,58.1,60.9,61,4,,,19,14,,8,0,35,33,16.6,21.8,25.7,26.6,15.8,21.0,24.0,25.7,(NASDAQ 100 STOCK INDEX x $2),F20,NASDAQ  BROADBASED INDICES,STOCK INDICES,FINANCIAL INSTRUMENTS,FutOnly,0,7,6,6
250923239747F,MICRO E-MINI RUSSELL 2000 INDX - CHICAGO MERCANTILE EXCHANGE,2025-09-23T00:00:00.000,2025 Report Week 38,MICRO E-MINI RUSSELL 2000 INDX,239747,CME ,CHI,239 ,RUSSELL INDEX,17950,1236,0,0,1272,0,1,5643,4337,226,1051,0,0,9429,4564,8521,13386,-24233,-23077,-2213,-223,24,0,0,1928,-657,-3362,841,-100,-110,-23979,-6665,-254,-17568,100.0,6.9,0.0,0.0,7.1,0.0,0.0,31.4,24.2,1.3,5.9,0.0,0.0,52.5,25.4,47.5,74.6,22,,0,,8,6,,0,0,18,8,30.7,21.4,40.5,25.4,29.8,21.4,39.6,24.2,(RUSSEL 2000 INDEX X $0.5),F20,RUSSELL INDEX,STOCK INDICES,FINANCIAL INSTRUMENTS,FutOnly,0,4,0,
25092313874UF,MICRO E-MINI S&P 500 INDEX - CHICAGO MERCANTILE EXCHANGE,2025-09-23T00:00:00.000,2025 Report Week 38,MICRO E-MINI S&P 500 INDEX,13874U,CME ,CHI,138 ,S&P BROAD BASED STOCK INDICES,125295,5148,19238,0,27961,5054,1406,19487,32155,746,5571,0,0,60319,58599,64976,66696,-186660,-64722,12098,-6282,-1608,-3585,58,-80747,-96323,-31129,4171,0,0,-180259,-125163,-6401,-61497,100.0,4.1,15.4,0.0,22.3,4.0,1.1,15.6,25.7,0.6,4.4,0.0,0.0,48.1,46.8,51.9,53.2,29,,,6,5,6,,0,0,23,15,27.0,32.3,37.2,43.9,26.2,32.3,36.4,43.2,($5 X S&P 500 INDEX),F20,S&P BROAD BASED STOCK INDICES,STOCK INDICES,FINANCIAL INSTRUMENTS,FutOnly,0,10,,
250923146022F,MICRO ETHER  - CHICAGO MERCANTILE EXCHANGE,2025-09-23T00:00:00.000,2025 Report Week 38,MICRO ETHER,146022,CME ,CHI,180 ,OTHER CRYPTO/DIGITAL ASSET (NON-MAJOR),233155,2104,0,0,4195,517,455,161006,220344,3945,54085,6827,205,225995,232293,7160,862,74866,-2913,0,0,243,-10,39,85845,82887,-8449,-283,376,120,74602,74963,264,-97,100.0,0.9,0.0,0.0,1.8,0.2,0.2,69.1,94.5,1.7,23.2,2.9,0.1,96.9,99.6,3.1,0.4,474,5,,,31,17,354,58,,406,82,66.9,93.3,71.2,94.9,65.9,92.3,70.2,93.6,(0.1 Index Points),F84,ETHER,CRYPTOCURRENCIES,FINANCIAL INSTRUMENTS,FutOnly,0,7,0,9
250923177742F,MICRO SOL - CHICAGO MERCANTILE EXCHANGE,2025-09-23T00:00:00.000,2025 Report Week 38,MICRO SOL,177742,CME ,CHI,180 ,OTHER CRYPTO/DIGITAL ASSET (NON-MAJOR),4180,91,0,19,0,0,0,2791,3480,24,277,375,0,3202,3898,978,282,1378,38,-207,19,-25,0,0,1342,1561,22,-147,-3,0,1249,1392,129,-14,100.0,2.2,0.0,0.5,0.0,0.0,0.0,66.8,83.3,0.6,6.6,9.0,0.0,76.6,93.3,23.4,6.7,20,,0,0,4,7,,4,0,10,14,71.5,80.6,75.9,89.8,71.0,80.6,75.0,89.7,"(25 SOL, defined by CME CF Solana-Dollar Reference Rate)",F84,,,,FutOnly,,0,0,
250923244041F,MSCI EAFE  - ICE FUTURES U.S.,2025-09-23T00:00:00.000,2025 Report Week 38,MSCI EAFE,244041,ICUS,NYC,244 ,MSCI INDICES,439659,34888,284788,15276,304721,68317,33188,35232,31488,544,4022,0,438,428309,434039,11350,5620,-66054,2250,23762,-60015,6338,-5557,-266,-126,-9361,-3115,-252,0,0,-55186,-54552,-10868,-11502,100.0,7.9,64.8,3.5,69.3,15.5,7.5,8.0,7.2,0.1,0.9,0.0,0.1,97.4,98.7,2.6,1.3,181,14,35,33,21,16,,0,,140,87,24.5,38.6,39.4,58.8,22.6,35.3,36.3,55.4,(MSCI EAFE INDEX X $50),F20,MSCI INDICES,STOCK INDICES,FINANCIAL INSTRUMENTS,FutOnly,5,80,12,7
250923244042F,MSCI EM INDEX - ICE FUTURES U.S.,2025-09-23T00:00:00.000,2025 Report Week 38,MSCI EM INDEX,244042,ICUS,NYC,244 ,MSCI INDICES,1148088,67192,649412,18053,678540,246734,92987,224016,84339,6903,26604,39679,1431,1115726,1139538,32362,8550,-270654,-3299,-16648,-182823,-7125,34212,-20346,25592,-3482,-45295,94,141,-447,-233649,-234688,-37005,-35966,100.0,5.9,56.6,1.6,59.1,21.5,8.1,19.5,7.3,0.6,2.3,3.5,0.1,97.2,99.3,2.8,0.7,385,23,47,68,72,33,16,8,,311,177,13.9,36.9,23.3,51.6,13.9,36.7,22.6,51.4,(MSCI Emerging Markets Index x $50),F20,MSCI INDICES,STOCK INDICES,FINANCIAL INSTRUMENTS,FutOnly,9,170,16,23
250923133LM1F,"Nano Bitcoin  - COINBASE DERIVATIVES, LLC",2025-09-23T00:00:00.000,2025 Report Week 38,Nano Bitcoin,133LM1,FREX,CHI,180 ,OTHER CRYPTO/DIGITAL ASSET (NON-MAJOR),41526,0,0,0,0,0,0,16596,28838,234,22076,11864,0,38906,40936,2620,590,1518,0,-1700,0,0,0,0,873,6275,-20,643,-2902,0,1496,1653,22,-135,100.0,0.0,0.0,0.0,0.0,0.0,0.0,40.0,69.4,0.6,53.2,28.6,0.0,93.7,98.6,6.3,1.4,201,0,0,0,7,6,147,41,0,155,48,45.8,76.8,56.7,86.7,45.7,76.8,56.5,86.7,(1/100 X Bitcoin = $300),F84,BITCOIN,CRYPTOCURRENCIES,FINANCIAL INSTRUMENTS,FutOnly,0,0,0,
250923133LM4F,"NANO BITCOIN PERP STYLE - COINBASE DERIVATIVES, LLC",2025-09-23T00:00:00.000,2025 Report Week 38,NANO BITCOIN PERP STYLE,133LM4,FREX,CHI,180 ,OTHER CRYPTO/DIGITAL ASSET (NON-MAJOR),48193,0,0,0,0,0,0,282,17816,0,41623,28633,0,41905,46449,6288,1744,-6761,0,0,0,0,0,0,-6914,-2471,0,-923,-4284,0,-7837,-6755,1076,-6,100.0,0.0,0.0,0.0,0.0,0.0,0.0,0.6,37.0,0.0,86.4,59.4,0.0,87.0,96.4,13.0,3.6,370,0,0,0,,5,286,77,0,288,82,23.5,54.9,30.7,70.8,23.5,54.9,30.7,70.8,(1/100 X Bitcoin),F84,,,,FutOnly,0,0,0,0
250923146LM1F,"NANO ETHER - COINBASE DERIVATIVES, LLC",2025-09-23T00:00:00.000,2025 Report Week 38,NANO ETHER,146LM1,FREX,CHI,180 ,OTHER CRYPTO/DIGITAL ASSET (NON-MAJOR),175194,0,905,0,0,0,0,80089,121985,414,90069,50870,359,170931,174533,4263,661,37922,0,-502,0,0,0,0,60271,29134,260,-22981,8759,359,37909,38010,13,-88,100.0,0.0,0.5,0.0,0.0,0.0,0.0,45.7,69.6,0.2,51.4,29.0,0.2,97.6,99.6,2.4,0.4,332,0,0,0,8,,271,49,,281,54,52.0,86.8,62.4,95.2,52.0,86.6,62.4,94.8,"(0.1 Ether or 1/10 X$2,000 = $200)",F84,ETHER,CRYPTOCURRENCIES,FINANCIAL INSTRUMENTS,FutOnly,0,0,,
250923146LM3F,"NANO ETHER PERP STYLE - COINBASE DERIVATIVES, LLC",2025-09-23T00:00:00.000,2025 Report Week 38,NANO ETHER PERP STYLE,146LM3,FREX,CHI,180 ,OTHER CRYPTO/DIGITAL ASSET (NON-MAJOR),169017,0,0,0,0,0,0,2654,114737,0,157540,52844,0,160194,167581,8823,1436,17017,0,0,0,0,0,0,2033,19489,0,14072,-2563,0,16105,16926,912,91,100.0,0.0,0.0,0.0,0.0,0.0,0.0,1.6,67.9,0.0,93.2,31.3,0.0,94.8,99.2,5.2,0.8,696,0,0,0,,8,555,130,0,558,138,18.0,71.2,29.6,81.2,18.0,71.2,29.6,81.2,(1/10 X Ether),F84,,,,FutOnly,0,0,0,0
250923177LM1F,"NANO SOLANA - COINBASE DERIVATIVES, LLC",2025-09-23T00:00:00.000,2025 Report Week 38,NANO SOLANA,177LM1,FREX,CHI,180 ,OTHER CRYPTO/DIGITAL ASSET (NON-MAJOR),13055,0,552,0,0,0,0,2753,9836,0,8454,2295,0,11207,12683,1848,372,-3238,0,0,0,0,0,0,1550,-1582,-552,-4201,-989,0,-3203,-3123,-35,-115,100.0,0.0,4.2,0.0,0.0,0.0,0.0,21.1,75.3,0.0,64.8,17.6,0.0,85.8,97.2,14.2,2.8,106,0,0,0,4,,80,18,0,84,22,27.4,83.5,40.6,91.2,27.4,83.5,40.6,91.2,(5 Solana x $250 = $1250),F84,,,,FutOnly,0,0,,0
250923177LM3F,"NANO SOLANA PERP STYLE - COINBASE DERIVATIVES, LLC",2025-09-23T00:00:00.000,2025 Report Week 38,NANO SOLANA PERP STYLE,177LM3,FREX,CHI,180 ,OTHER CRYPTO/DIGITAL ASSET (NON-MAJOR),22529,0,0,0,0,0,0,319,17812,0,18400,4026,0,18719,21838,3810,691,1398,0,0,0,0,0,0,181,3606,0,294,-1907,0,475,1699,923,-301,100.0,0.0,0.0,0.0,0.0,0.0,0.0,1.4,79.1,0.0,81.7,17.9,0.0,83.1,96.9,16.9,3.1,192,0,0,0,,7,153,31,0,154,38,15.7,66.6,26.5,86.4,15.7,66.6,26.5,86.4,(5 Solana x $180 = $900),F84,,,,FutOnly,0,0,0,0
250923176LM1F,"NANO XRP - COINBASE DERIVATIVES, LLC",2025-09-23T00:00:00.000,2025 Report Week 38,NANO XRP,176LM1,FREX,CHI,180 ,OTHER CRYPTO/DIGITAL ASSET (NON-MAJOR),38301,0,0,0,0,0,0,14969,21715,13621,6828,2389,340,35758,38065,2543,236,13697,0,0,0,0,0,0,243,-1476,13621,-522,1272,340,13682,13757,15,-60,100.0,0.0,0.0,0.0,0.0,0.0,0.0,39.1,56.7,35.6,17.8,6.2,0.9,93.4,99.4,6.6,0.6,93,0,0,0,5,,75,10,,82,14,74.2,97.4,77.6,98.7,39.7,61.6,42.4,62.5,(500 XRP x $2.00 = $1000),F84,,,,FutOnly,0,0,0,
250923176LM3F,"NANO XRP PERP STYLE - COINBASE DERIVATIVES, LLC",2025-09-23T00:00:00.000,2025 Report Week 38,NANO XRP PERP STYLE,176LM3,FREX,CHI,180 ,OTHER CRYPTO/DIGITAL ASSET (NON-MAJOR),11083,0,0,0,0,0,0,1568,9224,0,6119,1499,0,7687,10723,3396,360,1591,0,0,0,0,0,0,599,1504,0,480,38,0,1079,1542,512,49,100.0,0.0,0.0,0.0,0.0,0.0,0.0,14.1,83.2,0.0,55.2,13.5,0.0,69.4,96.8,30.6,3.2,115,0,0,0,,5,90,17,0,93,22,19.3,82.5,26.5,88.9,19.3,82.5,26.5,88.9,(500 XRP x $2.00 = $1000),F84,,,,FutOnly,0,0,0,0
25092320974+F,NASDAQ-100 Consolidated - CHICAGO MERCANTILE EXCHANGE,2025-09-23T00:00:00.000,2025 Report Week 38,NASDAQ-100 Consolidated,20974+,CME ,CHI,209 ,NASDAQ  BROADBASED INDICES,281162,48393,108609,4388,111566,33275,4328,51145,77091,9201,11141,7077,51,240212,244019,40950,37143,-84729,-6511,-10843,-14509,-3518,265,-33,-21059,-19623,-35649,582,-737,-337,-81034,-81465,-3696,-3264,100.0,17.2,38.6,1.6,39.7,11.8,1.5,18.2,27.4,3.3,4.0,2.5,0.0,85.4,86.8,14.6,13.2,304,24,25,23,59,53,19,21,,206,156,20.1,31.8,29.9,44.0,20.1,30.1,29.6,42.2,(NASDAQ 100 INDEX X $20),F20,NASDAQ  BROADBASED INDICES,STOCK INDICES,FINANCIAL INSTRUMENTS,FutOnly,8,74,29,26
250923209742F,NASDAQ MINI - CHICAGO MERCANTILE EXCHANGE,2025-09-23T00:00:00.000,2025 Report Week 38,NASDAQ MINI,209742,CME ,CHI,209 ,NASDAQ  BROADBASED INDICES,274695,47760,108021,4094,111251,33195,4322,50088,76172,8838,11096,6795,51,237500,241488,37195,33207,-76726,-7607,-14723,-9391,-3530,287,-28,-25002,-22922,-27124,595,-671,-304,-72391,-74876,-4335,-1850,100.0,17.4,39.3,1.5,40.5,12.1,1.6,18.2,27.7,3.2,4.0,2.5,0.0,86.5,87.9,13.5,12.1,263,23,24,22,45,47,17,13,,180,134,20.6,32.5,30.6,45.1,20.6,30.8,30.3,43.2,(NASDAQ 100 STOCK INDEX X $20),F20,NASDAQ  BROADBASED INDICES,STOCK INDICES,FINANCIAL INSTRUMENTS,FutOnly,6,69,25,22
250923240741F,NIKKEI STOCK AVERAGE - CHICAGO MERCANTILE EXCHANGE,2025-09-23T00:00:00.000,2025 Report Week 38,NIKKEI STOCK AVERAGE,240741,CME ,CHI,240 ,NIKKEI STOCK AVERAGE,11139,0,2967,0,6378,0,8,324,5351,0,1621,227,0,8331,8553,2808,2586,,,,,,,,,,,,,,,,,,100.0,0.0,26.6,0.0,57.3,0.0,0.1,2.9,48.0,0.0,14.6,2.0,0.0,74.8,76.8,25.2,23.2,21,0,0,,,6,,,0,10,12,61.8,55.3,71.2,70.7,61.8,55.3,71.1,70.7,(NIKKEI INDEX X $5.00),F20,NIKKEI STOCK AVERAGE,STOCK INDICES,FINANCIAL INSTRUMENTS,FutOnly,0,8,4,0
250923240743F,NIKKEI STOCK AVERAGE YEN DENOM - CHICAGO MERCANTILE EXCHANGE,2025-09-23T00:00:00.000,2025 Report Week 38,NIKKEI STOCK AVERAGE YEN DENOM,240743,CME ,CHI,240 ,NIKKEI STOCK AVERAGE,29176,4424,2225,724,6112,2676,377,10750,2404,17,333,293,0,22737,8716,6439,20460,-572,69,566,376,-1089,0,-233,420,61,0,-2,0,0,-459,770,-113,-1342,100.0,15.2,7.6,2.5,20.9,9.2,1.3,36.8,8.2,0.1,1.1,1.0,0.0,77.9,29.9,22.1,70.1,46,8,4,,15,5,,,0,34,18,30.0,13.7,44.8,22.3,29.6,13.2,43.6,20.8,(NIKKEI INDEX X JPY 500),F20,NIKKEI STOCK AVERAGE,STOCK INDICES,FINANCIAL INSTRUMENTS,FutOnly,,8,4,
250923112741F,NZ DOLLAR - CHICAGO MERCANTILE EXCHANGE,2025-09-23T00:00:00.000,2025 Report Week 38,NZ DOLLAR,112741,CME ,CHI,112 ,NEW ZEALAND DOLLAR,56346,23283,2380,0,12017,30438,2319,11825,14675,708,2422,603,16,52590,51139,3756,5207,7200,2711,241,0,-1530,4958,845,3510,1033,408,1154,-426,1,7099,7060,101,140,100.0,41.3,4.2,0.0,21.3,54.0,4.1,21.0,26.0,1.3,4.3,1.1,0.0,93.3,90.8,6.7,9.2,92,6,20,5,16,25,8,,,46,59,53.1,41.7,72.1,57.5,53.0,38.1,71.0,53.7,"(CONTRACTS OF NZD 100,000)",F15,NEW ZEALAND DOLLAR,CURRENCY(NON-MAJOR),FINANCIAL INSTRUMENTS,FutOnly,0,8,6,7
250923239750F,RUSSELL 2000 ANNUAL DIVIDEND  - CHICAGO MERCANTILE EXCHANGE,2025-09-23T00:00:00.000,2025 Report Week 38,RUSSELL 2000 ANNUAL DIVIDEND,239750,CME ,CHI,239 ,RUSSELL INDEX,28658,460,17591,1486,2865,0,20,20290,6602,2730,355,0,0,28206,28429,452,229,2022,0,1957,-10,10,0,0,2002,60,15,0,0,0,2017,2022,5,0,100.0,1.6,61.4,5.2,10.0,0.0,0.1,70.8,23.0,9.5,1.2,0.0,0.0,98.4,99.2,1.6,0.8,22,,0,,7,,,0,0,19,14,74.0,67.7,88.1,94.1,73.9,63.0,81.2,83.7,(RUSSEL 2000 INDEX X $100),F20,RUSSELL INDEX,STOCK INDICES,FINANCIAL INSTRUMENTS,FutOnly,7,,7,
250923239742F,RUSSELL E-MINI - CHICAGO MERCANTILE EXCHANGE,2025-09-23T00:00:00.000,2025 Report Week 38,RUSSELL E-MINI,239742,CME ,CHI,239 ,RUSSELL INDEX,369261,96135,55527,5097,155560,129503,31254,38060,113910,7208,2408,6513,0,335722,349012,33539,20249,-108065,-14098,4779,-34070,4533,2843,-3188,-32906,-47271,-22065,-821,620,0,-102615,-98352,-5450,-9713,100.0,26.0,15.0,1.4,42.1,35.1,8.5,10.3,30.8,2.0,0.7,1.8,0.0,90.9,94.5,9.1,5.5,320,34,50,42,40,68,5,9,0,207,183,14.9,18.6,24.6,30.5,14.1,18.0,22.9,29.9,(RUSSEL 2000 INDEX X $50),F20,RUSSELL INDEX,STOCK INDICES,FINANCIAL INSTRUMENTS,FutOnly,7,94,20,21
250923122741F,SO AFRICAN RAND - CHICAGO MERCANTILE EXCHANGE,2025-09-23T00:00:00.000,2025 Report Week 38,SO AFRICAN RAND,122741,CME ,CHI,122 ,SOUTH AFRICAN RAND,23282,1944,10562,0,10692,6538,0,7357,3345,585,459,1446,0,21037,22476,2245,806,-892,152,-320,0,-914,285,-1,28,-749,0,-13,80,0,-748,-705,-144,-187,100.0,8.3,45.4,0.0,45.9,28.1,0.0,31.6,14.4,2.5,2.0,6.2,0.0,90.4,96.5,9.6,3.5,52,4,4,0,16,9,,4,0,33,20,36.8,72.0,53.7,82.5,36.8,72.0,53.7,81.7,"(CONTRACTS OF ZAR 500,000)",F15,SOUTH AFRICAN RAND,CURRENCY(NON-MAJOR),FINANCIAL INSTRUMENTS,FutOnly,0,12,,
250923134742F,SOFR-1M - CHICAGO MERCANTILE EXCHANGE,2025-09-23T00:00:00.000,2025 Report Week 38,SOFR-1M,134742,CME ,CHI,134 ,SECURED OVERNIGHT FINANCING RATE,1820670,598519,225172,343788,52496,12141,24595,285600,737488,465705,41806,4009,7595,1820104,1820493,566,177,163130,20522,-31911,79096,11801,-826,-3208,9160,77057,41628,3833,1384,5,162837,163225,293,-95,100.0,32.9,12.4,18.9,2.9,0.7,1.4,15.7,40.5,25.6,2.3,0.2,0.4,100.0,100.0,0.0,0.0,215,51,7,5,41,58,7,7,,168,181,27.0,36.4,39.5,48.1,14.3,23.4,24.6,32.3,"($4,167 x Contract IMM Index)",F33,SECURED OVERNIGHT FINANCING RATE,Interest Rates - non U.S. Treasury,FINANCIAL INSTRUMENTS,FutOnly,66,4,38,62
250923134741F,SOFR-3M - CHICAGO MERCANTILE EXCHANGE,2025-09-23T00:00:00.000,2025 Report Week 38,SOFR-3M,134741,CME ,CHI,134 ,SECURED OVERNIGHT FINANCING RATE,12470671,2346377,2270184,1899097,1034084,486938,1294853,1571862,2059897,4063926,70352,207166,154242,12434793,12436303,35878,34368,-1373812,-455957,-452253,-59242,-164880,90087,-209002,-231195,-472256,-224465,-11235,-28012,-18011,-1373987,-1373154,175,-658,100.0,18.8,18.2,15.2,8.3,3.9,10.4,12.6,16.5,32.6,0.6,1.7,1.2,99.7,99.7,0.3,0.3,886,90,69,78,171,144,94,85,67,695,691,16.6,16.4,27.9,28.1,12.6,7.9,18.0,14.0,"($2,500 x Contract IMM Index)",F33,SECURED OVERNIGHT FINANCING RATE,Interest Rates - non U.S. Treasury,FINANCIAL INSTRUMENTS,FutOnly,145,63,101,210
250923177741F,SOL - CHICAGO MERCANTILE EXCHANGE,2025-09-23T00:00:00.000,2025 Report Week 38,SOL,177741,CME ,CHI,177 ,SOLANA,16723,13163,161,0,1136,1557,0,523,13297,1300,114,0,0,16236,16315,487,408,504,127,-49,-1,-103,54,0,-392,-457,924,-196,-40,0,359,431,145,73,100.0,78.7,1.0,0.0,6.8,9.3,0.0,3.1,79.5,7.8,0.7,0.0,0.0,97.1,97.6,2.9,2.4,33,,4,0,4,18,,0,0,14,26,91.4,61.8,95.6,78.7,86.9,54.8,89.2,71.6,(500 SOL- CME CF Solana - Dollar Reference Rate),F85,,,,FutOnly,0,,,7
25092343874AF,S&P 500 ANNUAL DIVIDEND INDEX - CHICAGO MERCANTILE EXCHANGE,2025-09-23T00:00:00.000,2025 Report Week 38,S&P 500 ANNUAL DIVIDEND INDEX,43874A,CME ,CHI,438 ,DIVIDEND INDICES,335782,13448,236280,25288,96193,6795,1804,162631,37662,26829,4847,0,0,331040,334658,4742,1124,5659,-245,3108,584,2136,0,-650,1007,139,2803,-70,0,0,5565,5984,94,-325,100.0,4.0,70.4,7.5,28.6,2.0,0.5,48.4,11.2,8.0,1.4,0.0,0.0,98.6,99.7,1.4,0.3,93,13,,,37,5,,0,0,80,49,27.1,58.1,43.3,75.6,25.3,56.2,40.7,72.9,(S&P 500 ANNUAL DIVIDEND INDEX X $250),F20,DIVIDEND INDICES,STOCK INDICES,FINANCIAL INSTRUMENTS,FutOnly,19,16,18,15
25092313874+F,S&P 500 Consolidated - CHICAGO MERCANTILE EXCHANGE,2025-09-23T00:00:00.000,2025 Report Week 38,S&P 500 Consolidated,13874+,CME ,CHI,138 ,S&P BROAD BASED STOCK INDICES,1963507,160173,751992,16856,1156024,240181,97616,113786,566058,40858,119319,74811,650,1705282,1789022,258225,174485,-503588,5138,32620,-212824,-7013,-24463,-28283,-7023,-32562,-211855,-2345,11528,-1271,-465476,-467109,-38112,-36479,100.0,8.2,38.3,0.9,58.9,12.2,5.0,5.8,28.8,2.1,6.1,3.8,0.0,86.8,91.1,13.2,8.9,464,24,52,91,67,79,21,15,,347,279,10.7,22.9,18.4,32.3,10.4,22.4,17.7,31.8,(S&P 500 INDEX X $50.00),F20,S&P BROAD BASED STOCK INDICES,STOCK INDICES,FINANCIAL INSTRUMENTS,FutOnly,14,167,38,55
25092343874QF,S&P 500 QUARTERLY DIVIDEND IND - CHICAGO MERCANTILE EXCHANGE,2025-09-23T00:00:00.000,2025 Report Week 38,S&P 500 QUARTERLY DIVIDEND IND,43874Q,CME ,CHI,438 ,DIVIDEND INDICES,27526,5708,9261,1445,1254,0,0,18430,16616,181,0,0,0,27018,27503,508,23,-23476,-618,-5001,-5186,-1081,0,0,-17031,-13242,-68,0,0,0,-23984,-23497,508,21,100.0,20.7,33.6,5.2,4.6,0.0,0.0,67.0,60.4,0.7,0.0,0.0,0.0,98.2,99.9,1.8,0.1,22,,0,0,7,4,0,0,0,15,15,78.3,71.4,95.0,92.2,75.6,71.4,90.7,90.7,(S&P 500 QUARTERLY DIVIDEND INDEX X $1000),F20,DIVIDEND INDICES,STOCK INDICES,FINANCIAL INSTRUMENTS,FutOnly,5,,6,
250923092741F,SWISS FRANC - CHICAGO MERCANTILE EXCHANGE,2025-09-23T00:00:00.000,2025 Report Week 38,SWISS FRANC,092741,CME ,CHI,092 ,SWISS FRANC,72030,42868,2637,0,5428,41883,1012,7435,8142,37,1000,428,0,57780,54139,14250,17891,300,569,-304,0,376,1508,-43,1153,-549,-399,0,-40,0,1656,173,-1356,127,100.0,59.5,3.7,0.0,7.5,58.1,1.4,10.3,11.3,0.1,1.4,0.6,0.0,80.2,75.2,19.8,24.8,44,6,12,,10,7,,,0,24,24,57.1,41.6,67.0,57.0,57.1,40.6,67.0,55.6,"(CONTRACTS OF CHF 125,000)",F10,SWISS FRANC,CURRENCY,FINANCIAL INSTRUMENTS,FutOnly,0,4,,
250923043607F,ULTRA UST 10Y - CHICAGO BOARD OF TRADE,2025-09-23T00:00:00.000,2025 Report Week 38,ULTRA UST 10Y,043607,CBT ,CHI,043 ,"T-NOTES, 6.5-10 YEAR",2374440,18792,167316,5181,1216357,715345,460481,262177,586622,29895,144616,120344,1170,2138669,2086354,235771,288086,-4990,1729,-12853,691,-19380,9523,6921,-15008,-13151,6068,6776,4258,-94,-12297,1363,7307,-6353,100.0,0.8,7.0,0.2,51.2,30.1,19.4,11.0,24.7,1.3,6.1,5.1,0.0,90.1,87.9,9.9,12.1,225,5,60,68,22,31,10,13,,149,166,27.0,25.0,39.4,36.6,20.5,23.5,30.2,31.1,"(CONTRACTS OF $100,000 FACE VALUE)",F30,"T-NOTES, 6.5-10 YEAR",Interest Rates - U.S. Treasury,FINANCIAL INSTRUMENTS,FutOnly,5,61,23,14
250923020604F,ULTRA UST BOND - CHICAGO BOARD OF TRADE,2025-09-23T00:00:00.000,2025 Report Week 38,ULTRA UST BOND,020604,CBT ,CHI,020 ,T-BONDS,2025359,6888,159985,3468,1337469,529132,353825,83035,745766,26158,27186,27396,200,1838229,1845930,187130,179429,-447,195,-5596,-1911,-273,6194,-1483,-6283,-5349,1940,920,3019,0,-6895,-3186,6448,2739,100.0,0.3,7.9,0.2,66.0,26.1,17.5,4.1,36.8,1.3,1.3,1.4,0.0,90.8,91.1,9.2,8.9,224,,46,72,12,44,7,8,,154,164,29.6,23.6,41.2,35.4,24.1,23.3,33.5,33.5,"(CONTRACTS OF $100,000 FACE VALUE)",F30,T-BONDS,Interest Rates - U.S. Treasury,FINANCIAL INSTRUMENTS,FutOnly,4,89,16,16
250923098662F,USD INDEX - ICE FUTURES U.S.,2025-09-23T00:00:00.000,2025 Report Week 38,USD INDEX,098662,ICUS,NYC,098 ,U.S. DOLLAR INDEX,40441,18675,0,0,2018,11166,1979,11700,16912,879,2441,5725,44,37736,36705,2705,3736,1915,-157,0,0,483,818,38,1327,633,23,327,138,-55,1986,1595,-71,320,100.0,46.2,0.0,0.0,5.0,27.6,4.9,28.9,41.8,2.2,6.0,14.2,0.1,93.3,90.8,6.7,9.2,117,5,18,4,18,30,16,21,,55,71,60.9,38.9,73.5,54.0,60.1,38.9,70.3,51.3,(U.S. DOLLAR INDEX X $1000),F90,U.S. DOLLAR INDEX,OTHER FINANCIAL INSTRUMENTS,FINANCIAL INSTRUMENTS,FutOnly,0,9,0,4
250923043602F,UST 10Y NOTE - CHICAGO BOARD OF TRADE,2025-09-23T00:00:00.000,2025 Report Week 38,UST 10Y NOTE,043602,CBT ,CHI,043 ,"T-NOTES, 6.5-10 YEAR",5478034,427281,552800,15844,3062278,885470,546981,509502,2851346,128431,303486,176827,628,4994431,5158327,483603,319707,65481,31506,38156,-2462,-3358,56209,-21360,-7634,-69063,28607,37722,37476,288,63309,67851,2172,-2370,100.0,7.8,10.1,0.3,55.9,16.2,10.0,9.3,52.1,2.3,5.5,3.2,0.0,91.2,94.2,8.8,5.8,418,31,57,105,60,72,23,12,,308,273,26.9,27.1,35.1,37.6,24.5,27.1,31.7,37.6,"(CONTRACTS OF $100,000 FACE VALUE)",F30,"T-NOTES, 6.5-10 YEAR",Interest Rates - U.S. Treasury,FINANCIAL INSTRUMENTS,FutOnly,13,131,32,43
250923042601F,UST 2Y NOTE - CHICAGO BOARD OF TRADE,2025-09-23T00:00:00.000,2025 Report Week 38,UST 2Y NOTE,042601,CBT ,CHI,042 ,"T-NOTES, 1-2 YEAR",4587712,141974,520594,19646,2703311,457827,504632,501087,2584537,212994,237951,171712,9643,4331238,4481585,256474,106127,44544,6473,22289,-7257,-75579,-10464,18206,68974,-41090,41398,-10636,13620,5275,46854,41977,-2310,2567,100.0,3.1,11.3,0.4,58.9,10.0,11.0,10.9,56.3,4.6,5.2,3.7,0.2,94.4,97.7,5.6,2.3,480,39,39,93,73,75,44,15,8,372,266,24.8,23.5,33.1,38.6,22.9,22.1,29.3,35.5,"(CONTRACTS OF $200,000 FACE VALUE)",F30,"T-NOTES, 1-2 YEAR",Interest Rates - U.S. Treasury,FINANCIAL INSTRUMENTS,FutOnly,10,164,30,47
250923044601F,UST 5Y NOTE - CHICAGO BOARD OF TRADE,2025-09-23T00:00:00.000,2025 Report Week 38,UST 5Y NOTE,044601,CBT ,CHI,044 ,"T-NOTES, 4-6 YEAR",6750842,171380,828805,31289,4295421,690638,768585,461171,3760338,233876,317881,181577,860,6280463,6495968,470379,254874,-6070,8750,41261,-4853,24227,10049,-25402,-36495,-58241,7937,7350,24039,402,-18084,-4808,12014,-1262,100.0,2.5,12.3,0.5,63.6,10.2,11.4,6.8,55.7,3.5,4.7,2.7,0.0,93.0,96.2,7.0,3.8,463,22,50,108,65,85,31,12,,334,298,30.8,19.4,40.4,31.1,28.7,19.2,35.8,30.9,"(CONTRACTS OF $100,000 FACE VALUE)",F30,"T-NOTES, 4-6 YEAR",Interest Rates - U.S. Treasury,FINANCIAL INSTRUMENTS,FutOnly,11,156,42,47
250923020601F,UST BOND - CHICAGO BOARD OF TRADE,2025-09-23T00:00:00.000,2025 Report Week 38,UST BOND,020601,CBT ,CHI,020 ,T-BONDS,1842191,18236,247741,40050,1118166,638987,208047,101920,469745,15661,75363,101467,529,1577972,1722227,264219,119964,7193,2265,-14740,10258,-14594,10486,1167,6195,7470,-3488,-25,-1034,97,1875,10216,5318,-3023,100.0,1.0,13.4,2.2,60.7,34.7,11.3,5.5,25.5,0.9,4.1,5.5,0.0,85.7,93.5,14.3,6.5,240,8,27,63,29,44,9,8,,167,161,21.0,41.1,32.6,50.5,18.7,37.2,29.0,46.2,"(CONTRACTS OF $100,000 FACE VALUE)",F30,T-BONDS,Interest Rates - U.S. Treasury,FINANCIAL INSTRUMENTS,FutOnly,8,92,23,15
2509231170E1F,VIX FUTURES - CBOE FUTURES EXCHANGE,2025-09-23T00:00:00.000,2025 Report Week 38,VIX FUTURES,1170E1,E   ,CHI,117 ,VOLATILITY/VARIANCE INDEX,472633,129662,42526,26062,85456,77869,74950,56324,149218,67855,1436,3128,6303,448048,447911,24585,24722,-49640,-5662,-7806,-20046,2668,87,-6333,-13744,-11480,699,-1773,-572,-4133,-48324,-49584,-1316,-56,100.0,27.4,9.0,5.5,18.1,16.5,15.9,11.9,31.6,14.4,0.3,0.7,1.3,94.8,94.8,5.2,5.2,190,17,29,24,35,55,7,8,10,143,153,43.2,17.9,55.9,29.2,37.9,11.5,45.3,20.3,($1000 X INDEX),F90,VOLATILITY/VARIANCE INDEX,OTHER FINANCIAL INSTRUMENTS,FINANCIAL INSTRUMENTS,FutOnly,21,13,15,51
250923176740F,XRP - CHICAGO MERCANTILE EXCHANGE,2025-09-23T00:00:00.000,2025 Report Week 38,XRP,176740,CME ,CHI,176 ,XRP,8485,6486,82,34,1005,140,0,695,7232,79,31,765,0,8330,8332,155,153,86,203,-4,34,-74,12,0,-87,-6,19,0,122,0,95,177,-9,-91,100.0,76.4,1.0,0.4,11.8,1.6,0.0,8.2,85.2,0.9,0.4,9.0,0.0,98.2,98.2,1.8,1.8,29,,,0,4,11,,4,0,13,23,88.3,62.5,96.9,86.7,88.3,62.2,96.5,86.4,"(Contracts of 50,000 XRP)",F85,,,,FutOnly,,,,6
